{
  "axes": [
    {
      "scale": "x",
      "title": "Time",
      "type": "x"
    },
    {
      "scale": "y",
      "title": "Freq",
      "type": "y"
    }
  ],
  "data": [
    {
      "name": "table",
      "values": [
        {
          "col": "data",
          "idx": 1450107325000,
          "val": 4
        },
        {
          "col": "data",
          "idx": 1450107330000,
          "val": 13
        },
        {
          "col": "data",
          "idx": 1450107335000,
          "val": 13
        },
        {
          "col": "data",
          "idx": 1450107340000,
          "val": 7
        },
        {
          "col": "data",
          "idx": 1450107345000,
          "val": 8
        },
        {
          "col": "data",
          "idx": 1450107350000,
          "val": 14
        },
        {
          "col": "data",
          "idx": 1450107355000,
          "val": 16
        },
        {
          "col": "data",
          "idx": 1450107360000,
          "val": 4
        },
        {
          "col": "data",
          "idx": 1450107365000,
          "val": 11
        },
        {
          "col": "data",
          "idx": 1450107370000,
          "val": 11
        },
        {
          "col": "data",
          "idx": 1450107375000,
          "val": 9
        },
        {
          "col": "data",
          "idx": 1450107380000,
          "val": 4
        },
        {
          "col": "data",
          "idx": 1450107385000,
          "val": 11
        },
        {
          "col": "data",
          "idx": 1450107390000,
          "val": 11
        },
        {
          "col": "data",
          "idx": 1450107395000,
          "val": 10
        },
        {
          "col": "data",
          "idx": 1450107400000,
          "val": 16
        },
        {
          "col": "data",
          "idx": 1450107405000,
          "val": 9
        },
        {
          "col": "data",
          "idx": 1450107410000,
          "val": 9
        },
        {
          "col": "data",
          "idx": 1450107415000,
          "val": 4
        },
        {
          "col": "data",
          "idx": 1450107420000,
          "val": 11
        },
        {
          "col": "data",
          "idx": 1450107425000,
          "val": 5
        },
        {
          "col": "data",
          "idx": 1450107430000,
          "val": 6
        },
        {
          "col": "data",
          "idx": 1450107435000,
          "val": 10
        },
        {
          "col": "data",
          "idx": 1450107440000,
          "val": 6
        },
        {
          "col": "data",
          "idx": 1450107445000,
          "val": 4
        },
        {
          "col": "data",
          "idx": 1450107450000,
          "val": 5
        },
        {
          "col": "data",
          "idx": 1450107455000,
          "val": 14
        },
        {
          "col": "data",
          "idx": 1450107460000,
          "val": 5
        },
        {
          "col": "data",
          "idx": 1450107465000,
          "val": 9
        },
        {
          "col": "data",
          "idx": 1450107470000,
          "val": 13
        },
        {
          "col": "data",
          "idx": 1450107475000,
          "val": 8
        },
        {
          "col": "data",
          "idx": 1450107480000,
          "val": 11
        },
        {
          "col": "data",
          "idx": 1450107485000,
          "val": 16
        },
        {
          "col": "data",
          "idx": 1450107490000,
          "val": 6
        },
        {
          "col": "data",
          "idx": 1450107495000,
          "val": 4
        },
        {
          "col": "data",
          "idx": 1450107500000,
          "val": 4
        },
        {
          "col": "data",
          "idx": 1450107505000,
          "val": 8
        },
        {
          "col": "data",
          "idx": 1450107510000,
          "val": 6
        },
        {
          "col": "data",
          "idx": 1450107515000,
          "val": 11
        },
        {
          "col": "data",
          "idx": 1450107520000,
          "val": 13
        },
        {
          "col": "data",
          "idx": 1450107525000,
          "val": 8
        },
        {
          "col": "data",
          "idx": 1450107530000,
          "val": 9
        },
        {
          "col": "data",
          "idx": 1450107535000,
          "val": 8
        },
        {
          "col": "data",
          "idx": 1450107540000,
          "val": 10
        },
        {
          "col": "data",
          "idx": 1450107545000,
          "val": 10
        },
        {
          "col": "data",
          "idx": 1450107550000,
          "val": 7
        },
        {
          "col": "data",
          "idx": 1450107555000,
          "val": 5
        },
        {
          "col": "data",
          "idx": 1450107560000,
          "val": 7
        },
        {
          "col": "data",
          "idx": 1450107565000,
          "val": 5
        },
        {
          "col": "data",
          "idx": 1450107570000,
          "val": 6
        },
        {
          "col": "data",
          "idx": 1450107575000,
          "val": 6
        },
        {
          "col": "data",
          "idx": 1450107580000,
          "val": 6
        },
        {
          "col": "data",
          "idx": 1450107585000,
          "val": 13
        },
        {
          "col": "data",
          "idx": 1450107590000,
          "val": 12
        },
        {
          "col": "data",
          "idx": 1450107595000,
          "val": 5
        },
        {
          "col": "data",
          "idx": 1450107600000,
          "val": 12
        },
        {
          "col": "data",
          "idx": 1450107605000,
          "val": 9
        },
        {
          "col": "data",
          "idx": 1450107610000,
          "val": 13
        },
        {
          "col": "data",
          "idx": 1450107615000,
          "val": 6
        },
        {
          "col": "data",
          "idx": 1450107620000,
          "val": 6
        },
        {
          "col": "data",
          "idx": 1450107625000,
          "val": 9
        },
        {
          "col": "data",
          "idx": 1450107630000,
          "val": 7
        },
        {
          "col": "data",
          "idx": 1450107635000,
          "val": 8
        },
        {
          "col": "data",
          "idx": 1450107640000,
          "val": 8
        },
        {
          "col": "data",
          "idx": 1450107645000,
          "val": 15
        },
        {
          "col": "data",
          "idx": 1450107650000,
          "val": 4
        },
        {
          "col": "data",
          "idx": 1450107655000,
          "val": 6
        },
        {
          "col": "data",
          "idx": 1450107660000,
          "val": 14
        },
        {
          "col": "data",
          "idx": 1450107665000,
          "val": 12
        },
        {
          "col": "data",
          "idx": 1450107670000,
          "val": 7
        },
        {
          "col": "data",
          "idx": 1450107675000,
          "val": 5
        },
        {
          "col": "data",
          "idx": 1450107680000,
          "val": 8
        },
        {
          "col": "data",
          "idx": 1450107685000,
          "val": 8
        },
        {
          "col": "data",
          "idx": 1450107690000,
          "val": 4
        },
        {
          "col": "data",
          "idx": 1450107695000,
          "val": 6
        },
        {
          "col": "data",
          "idx": 1450107700000,
          "val": 12
        },
        {
          "col": "data",
          "idx": 1450107705000,
          "val": 6
        },
        {
          "col": "data",
          "idx": 1450107710000,
          "val": 9
        },
        {
          "col": "data",
          "idx": 1450107715000,
          "val": 9
        },
        {
          "col": "data",
          "idx": 1450107720000,
          "val": 5
        },
        {
          "col": "data",
          "idx": 1450107725000,
          "val": 4
        },
        {
          "col": "data",
          "idx": 1450107730000,
          "val": 4
        },
        {
          "col": "data",
          "idx": 1450107735000,
          "val": 9
        },
        {
          "col": "data",
          "idx": 1450107740000,
          "val": 9
        },
        {
          "col": "data",
          "idx": 1450107745000,
          "val": 13
        },
        {
          "col": "data",
          "idx": 1450107750000,
          "val": 4
        },
        {
          "col": "data",
          "idx": 1450107755000,
          "val": 6
        },
        {
          "col": "data",
          "idx": 1450107760000,
          "val": 2
        },
        {
          "col": "data",
          "idx": 1450107765000,
          "val": 11
        },
        {
          "col": "data",
          "idx": 1450107770000,
          "val": 8
        },
        {
          "col": "data",
          "idx": 1450107775000,
          "val": 6
        },
        {
          "col": "data",
          "idx": 1450107780000,
          "val": 7
        },
        {
          "col": "data",
          "idx": 1450107785000,
          "val": 7
        },
        {
          "col": "data",
          "idx": 1450107790000,
          "val": 8
        },
        {
          "col": "data",
          "idx": 1450107795000,
          "val": 5
        },
        {
          "col": "data",
          "idx": 1450107800000,
          "val": 14
        },
        {
          "col": "data",
          "idx": 1450107805000,
          "val": 18
        },
        {
          "col": "data",
          "idx": 1450107810000,
          "val": 7
        },
        {
          "col": "data",
          "idx": 1450107815000,
          "val": 2
        },
        {
          "col": "data",
          "idx": 1450107820000,
          "val": 7
        },
        {
          "col": "data",
          "idx": 1450107825000,
          "val": 8
        },
        {
          "col": "data",
          "idx": 1450107830000,
          "val": 6
        },
        {
          "col": "data",
          "idx": 1450107835000,
          "val": 1
        },
        {
          "col": "data",
          "idx": 1450107840000,
          "val": 11
        },
        {
          "col": "data",
          "idx": 1450107845000,
          "val": 6
        },
        {
          "col": "data",
          "idx": 1450107850000,
          "val": 4
        },
        {
          "col": "data",
          "idx": 1450107855000,
          "val": 7
        },
        {
          "col": "data",
          "idx": 1450107860000,
          "val": 8
        },
        {
          "col": "data",
          "idx": 1450107865000,
          "val": 7
        },
        {
          "col": "data",
          "idx": 1450107870000,
          "val": 9
        },
        {
          "col": "data",
          "idx": 1450107875000,
          "val": 7
        },
        {
          "col": "data",
          "idx": 1450107880000,
          "val": 8
        },
        {
          "col": "data",
          "idx": 1450107885000,
          "val": 7
        },
        {
          "col": "data",
          "idx": 1450107890000,
          "val": 5
        },
        {
          "col": "data",
          "idx": 1450107895000,
          "val": 5
        },
        {
          "col": "data",
          "idx": 1450107900000,
          "val": 11
        },
        {
          "col": "data",
          "idx": 1450107905000,
          "val": 16
        },
        {
          "col": "data",
          "idx": 1450107910000,
          "val": 15
        },
        {
          "col": "data",
          "idx": 1450107915000,
          "val": 14
        },
        {
          "col": "data",
          "idx": 1450107920000,
          "val": 11
        },
        {
          "col": "data",
          "idx": 1450107925000,
          "val": 16
        },
        {
          "col": "data",
          "idx": 1450107930000,
          "val": 7
        },
        {
          "col": "data",
          "idx": 1450107935000,
          "val": 5
        },
        {
          "col": "data",
          "idx": 1450107940000,
          "val": 5
        },
        {
          "col": "data",
          "idx": 1450107945000,
          "val": 7
        },
        {
          "col": "data",
          "idx": 1450107950000,
          "val": 17
        },
        {
          "col": "data",
          "idx": 1450107955000,
          "val": 15
        },
        {
          "col": "data",
          "idx": 1450107960000,
          "val": 9
        },
        {
          "col": "data",
          "idx": 1450107965000,
          "val": 14
        },
        {
          "col": "data",
          "idx": 1450107970000,
          "val": 8
        },
        {
          "col": "data",
          "idx": 1450107975000,
          "val": 5
        },
        {
          "col": "data",
          "idx": 1450107980000,
          "val": 7
        },
        {
          "col": "data",
          "idx": 1450107985000,
          "val": 10
        },
        {
          "col": "data",
          "idx": 1450107990000,
          "val": 8
        },
        {
          "col": "data",
          "idx": 1450107995000,
          "val": 9
        },
        {
          "col": "data",
          "idx": 1450108000000,
          "val": 9
        },
        {
          "col": "data",
          "idx": 1450108005000,
          "val": 2
        },
        {
          "col": "data",
          "idx": 1450108010000,
          "val": 3
        },
        {
          "col": "data",
          "idx": 1450108015000,
          "val": 6
        },
        {
          "col": "data",
          "idx": 1450108020000,
          "val": 8
        },
        {
          "col": "data",
          "idx": 1450108025000,
          "val": 9
        },
        {
          "col": "data",
          "idx": 1450108030000,
          "val": 14
        },
        {
          "col": "data",
          "idx": 1450108035000,
          "val": 6
        },
        {
          "col": "data",
          "idx": 1450108040000,
          "val": 12
        },
        {
          "col": "data",
          "idx": 1450108045000,
          "val": 8
        },
        {
          "col": "data",
          "idx": 1450108050000,
          "val": 13
        },
        {
          "col": "data",
          "idx": 1450108055000,
          "val": 9
        },
        {
          "col": "data",
          "idx": 1450108060000,
          "val": 11
        },
        {
          "col": "data",
          "idx": 1450108065000,
          "val": 14
        },
        {
          "col": "data",
          "idx": 1450108070000,
          "val": 10
        },
        {
          "col": "data",
          "idx": 1450108075000,
          "val": 10
        },
        {
          "col": "data",
          "idx": 1450108080000,
          "val": 17
        },
        {
          "col": "data",
          "idx": 1450108085000,
          "val": 11
        },
        {
          "col": "data",
          "idx": 1450108090000,
          "val": 7
        },
        {
          "col": "data",
          "idx": 1450108095000,
          "val": 8
        },
        {
          "col": "data",
          "idx": 1450108100000,
          "val": 11
        },
        {
          "col": "data",
          "idx": 1450108105000,
          "val": 8
        },
        {
          "col": "data",
          "idx": 1450108110000,
          "val": 7
        },
        {
          "col": "data",
          "idx": 1450108115000,
          "val": 6
        },
        {
          "col": "data",
          "idx": 1450108120000,
          "val": 7
        },
        {
          "col": "data",
          "idx": 1450108125000,
          "val": 4
        },
        {
          "col": "data",
          "idx": 1450108130000,
          "val": 5
        },
        {
          "col": "data",
          "idx": 1450108135000,
          "val": 6
        },
        {
          "col": "data",
          "idx": 1450108140000,
          "val": 15
        },
        {
          "col": "data",
          "idx": 1450108145000,
          "val": 5
        },
        {
          "col": "data",
          "idx": 1450108150000,
          "val": 9
        },
        {
          "col": "data",
          "idx": 1450108155000,
          "val": 5
        },
        {
          "col": "data",
          "idx": 1450108160000,
          "val": 4
        },
        {
          "col": "data",
          "idx": 1450108165000,
          "val": 9
        },
        {
          "col": "data",
          "idx": 1450108170000,
          "val": 5
        },
        {
          "col": "data",
          "idx": 1450108175000,
          "val": 12
        },
        {
          "col": "data",
          "idx": 1450108180000,
          "val": 7
        },
        {
          "col": "data",
          "idx": 1450108185000,
          "val": 9
        },
        {
          "col": "data",
          "idx": 1450108190000,
          "val": 14
        },
        {
          "col": "data",
          "idx": 1450108195000,
          "val": 11
        },
        {
          "col": "data",
          "idx": 1450108200000,
          "val": 10
        },
        {
          "col": "data",
          "idx": 1450108205000,
          "val": 8
        },
        {
          "col": "data",
          "idx": 1450108210000,
          "val": 11
        },
        {
          "col": "data",
          "idx": 1450108215000,
          "val": 9
        },
        {
          "col": "data",
          "idx": 1450108220000,
          "val": 16
        },
        {
          "col": "data",
          "idx": 1450108225000,
          "val": 11
        },
        {
          "col": "data",
          "idx": 1450108230000,
          "val": 14
        },
        {
          "col": "data",
          "idx": 1450108235000,
          "val": 10
        },
        {
          "col": "data",
          "idx": 1450108240000,
          "val": 11
        },
        {
          "col": "data",
          "idx": 1450108245000,
          "val": 8
        },
        {
          "col": "data",
          "idx": 1450108250000,
          "val": 7
        },
        {
          "col": "data",
          "idx": 1450108255000,
          "val": 9
        },
        {
          "col": "data",
          "idx": 1450108260000,
          "val": 4
        },
        {
          "col": "data",
          "idx": 1450108265000,
          "val": 26
        },
        {
          "col": "data",
          "idx": 1450108270000,
          "val": 6
        },
        {
          "col": "data",
          "idx": 1450108275000,
          "val": 6
        },
        {
          "col": "data",
          "idx": 1450108280000,
          "val": 12
        },
        {
          "col": "data",
          "idx": 1450108285000,
          "val": 11
        },
        {
          "col": "data",
          "idx": 1450108290000,
          "val": 7
        },
        {
          "col": "data",
          "idx": 1450108295000,
          "val": 12
        },
        {
          "col": "data",
          "idx": 1450108300000,
          "val": 7
        },
        {
          "col": "data",
          "idx": 1450108305000,
          "val": 7
        },
        {
          "col": "data",
          "idx": 1450108310000,
          "val": 8
        },
        {
          "col": "data",
          "idx": 1450108315000,
          "val": 6
        },
        {
          "col": "data",
          "idx": 1450108320000,
          "val": 9
        },
        {
          "col": "data",
          "idx": 1450108325000,
          "val": 10
        },
        {
          "col": "data",
          "idx": 1450108330000,
          "val": 17
        },
        {
          "col": "data",
          "idx": 1450108335000,
          "val": 9
        },
        {
          "col": "data",
          "idx": 1450108340000,
          "val": 6
        },
        {
          "col": "data",
          "idx": 1450108345000,
          "val": 5
        },
        {
          "col": "data",
          "idx": 1450108350000,
          "val": 14
        },
        {
          "col": "data",
          "idx": 1450108355000,
          "val": 5
        },
        {
          "col": "data",
          "idx": 1450108360000,
          "val": 8
        },
        {
          "col": "data",
          "idx": 1450108365000,
          "val": 9
        },
        {
          "col": "data",
          "idx": 1450108370000,
          "val": 12
        },
        {
          "col": "data",
          "idx": 1450108375000,
          "val": 16
        },
        {
          "col": "data",
          "idx": 1450108380000,
          "val": 18
        },
        {
          "col": "data",
          "idx": 1450108385000,
          "val": 16
        },
        {
          "col": "data",
          "idx": 1450108390000,
          "val": 9
        },
        {
          "col": "data",
          "idx": 1450108395000,
          "val": 7
        },
        {
          "col": "data",
          "idx": 1450108400000,
          "val": 6
        },
        {
          "col": "data",
          "idx": 1450108405000,
          "val": 9
        },
        {
          "col": "data",
          "idx": 1450108410000,
          "val": 8
        },
        {
          "col": "data",
          "idx": 1450108415000,
          "val": 15
        },
        {
          "col": "data",
          "idx": 1450108420000,
          "val": 8
        },
        {
          "col": "data",
          "idx": 1450108425000,
          "val": 6
        },
        {
          "col": "data",
          "idx": 1450108430000,
          "val": 12
        },
        {
          "col": "data",
          "idx": 1450108435000,
          "val": 3
        },
        {
          "col": "data",
          "idx": 1450108440000,
          "val": 16
        },
        {
          "col": "data",
          "idx": 1450108445000,
          "val": 13
        },
        {
          "col": "data",
          "idx": 1450108450000,
          "val": 6
        },
        {
          "col": "data",
          "idx": 1450108455000,
          "val": 14
        },
        {
          "col": "data",
          "idx": 1450108460000,
          "val": 7
        },
        {
          "col": "data",
          "idx": 1450108465000,
          "val": 8
        },
        {
          "col": "data",
          "idx": 1450108470000,
          "val": 12
        },
        {
          "col": "data",
          "idx": 1450108475000,
          "val": 6
        },
        {
          "col": "data",
          "idx": 1450108480000,
          "val": 9
        },
        {
          "col": "data",
          "idx": 1450108485000,
          "val": 9
        },
        {
          "col": "data",
          "idx": 1450108490000,
          "val": 4
        },
        {
          "col": "data",
          "idx": 1450108495000,
          "val": 3
        },
        {
          "col": "data",
          "idx": 1450108500000,
          "val": 10
        },
        {
          "col": "data",
          "idx": 1450108505000,
          "val": 17
        },
        {
          "col": "data",
          "idx": 1450108510000,
          "val": 16
        },
        {
          "col": "data",
          "idx": 1450108515000,
          "val": 8
        },
        {
          "col": "data",
          "idx": 1450108520000,
          "val": 6
        },
        {
          "col": "data",
          "idx": 1450108525000,
          "val": 3
        }
      ]
    }
  ],
  "height": 500,
  "legends": [],
  "marks": [
    {
      "from": {
        "data": "table",
        "transform": [
          {
            "keys": [
              "data.col"
            ],
            "type": "facet"
          }
        ]
      },
      "marks": [
        {
          "properties": {
            "enter": {
              "stroke": {
                "field": "data.col",
                "scale": "color"
              },
              "strokeWidth": {
                "value": 2
              },
              "x": {
                "field": "data.idx",
                "scale": "x"
              },
              "y": {
                "field": "data.val",
                "scale": "y"
              }
            }
          },
          "type": "line"
        }
      ],
      "type": "group"
    }
  ],
  "padding": "auto",
  "scales": [
    {
      "domain": {
        "data": "table",
        "field": "data.idx"
      },
      "name": "x",
      "range": "width",
      "type": "time"
    },
    {
      "domain": {
        "data": "table",
        "field": "data.val"
      },
      "name": "y",
      "nice": true,
      "range": "height"
    },
    {
      "domain": {
        "data": "table",
        "field": "data.col"
      },
      "name": "color",
      "range": "category20",
      "type": "ordinal"
    }
  ],
  "width": 960
}